Term,PMI,NPMI,CoocCount,TermFreq,InTermFreq
逃不出,10.224243616588256,0.8140568593073512,3,3,31
干傻事,10.224243616588256,0.8140568593073512,3,3,31
史蒂芬努钦,9.936561544136476,0.7911515400327629,3,4,31
红脸,9.713417992822265,0.7733847941130143,3,5,31
白脸,9.713417992822265,0.7733847941130143,3,5,31
日经新闻,9.818778508480092,0.7573247331624031,2,3,31
努钦,9.376945756201053,0.7465947896432866,3,7,31
日本朝日电视台,9.53109643602831,0.7351357461548046,2,4,31
不靠谱,9.125631327920146,0.7265850713837323,3,9,31
曼迪昂特,9.125631327920146,0.703862125455501,2,6,31
网络主,9.125631327920146,0.703862125455501,2,6,31
冈田充,9.125631327920146,0.703862125455501,2,6,31
心战文宣,9.53109643602831,0.6978280394355834,1,2,31
美国战争部,9.53109643602831,0.6978280394355834,1,2,31
沉没舰,9.53109643602831,0.6978280394355834,1,2,31
混合战,9.53109643602831,0.6978280394355834,1,2,31
韩吉洙,9.53109643602831,0.6978280394355834,1,2,31
疯子,8.757906547794828,0.6973067315060884,3,13,31
七份,8.837949255468365,0.6816731384479024,2,8,31
美者,8.837949255468365,0.6816731384479024,2,8,31
两面派,8.837949255468365,0.6816731384479024,2,8,31
奔袭,9.125631327920146,0.6681415365919963,1,3,31
日本每日新闻,8.614805704154156,0.6644620230011091,2,10,31
辽宁号,8.614805704154156,0.6644620230011091,2,10,31
过犹不及,8.51949552434983,0.6571107260525495,2,11,31
双模,8.837949255468365,0.6470786276237341,1,4,31
连级,8.837949255468365,0.6470786276237341,1,4,31
常态性,8.352441439686665,0.6442258045745922,2,13,31
韩美协会,8.614805704154156,0.6307409661624914,1,5,31
五份,8.084177453091986,0.6235345391703024,2,17,31
下策,7.796495380640205,0.6207589315331776,3,34,31
保防,8.432484147360201,0.617392124780147,1,6,31
维基解密,7.972951817981761,0.6149556793500183,2,19,31
老练,7.68526974552998,0.611903118371078,3,38,31
几场,7.9216585235942105,0.610999415294207,2,20,31
产经新闻,7.9216585235942105,0.610999415294207,2,20,31
颇佳,8.278333467532942,0.6061058402059094,1,7,31
论战,6.870836898762449,0.6050591100929451,10,286,31
投弹,8.14480207490842,0.5963292158118849,1,8,31
洗脑,7.698514972280001,0.5937882998474135,2,25,31
我本人,7.621553931143873,0.5878522763499916,2,27,31
心理辅导,8.027019039252037,0.5877056219365601,1,9,31
皮书,7.550094967161727,0.5823406293785175,2,29,31
马岛战争,7.9216585235942105,0.5799915543506422,1,10,31
狂风,7.9216585235942105,0.5799915543506422,1,10,31
几份,7.516193415486046,0.5797257945949034,2,30,31
下任,7.483403592663055,0.5771967077234134,2,31,31
精进,7.739336966800256,0.5666427129682979,1,12,31
禁飞,7.739336966800256,0.5666427129682979,1,12,31
盲从,7.333871858692091,0.5656632893423931,2,36,31
高压态势,7.306472884503977,0.5635499999145874,2,37,31
四个字,7.279804637421815,0.5614930716431161,2,38,31
史迪威,7.659294259126719,0.5607823121065671,1,13,31
应战,7.253829151018555,0.5594895761683865,2,39,31
气势,7.005367791720055,0.5577691530714395,3,75,31
战斧,7.516193415486046,0.5503050515070551,1,15,31
青天,7.516193415486046,0.5503050515070551,1,15,31
沉船事件,7.451654894348475,0.5455798040000358,1,16,31
美国盟友,7.451654894348475,0.5455798040000358,1,16,31
搞垮,7.0672431954381425,0.5450981568182354,2,47,31
网络攻击,6.447658582055214,0.5433509584171831,6,262,31
战法,7.39103027253204,0.5411411162511879,1,17,31
深思熟虑,6.768979013655825,0.5389478188522258,3,95,31
三战,7.333871858692091,0.5369562101247107,1,18,31
取悦,6.737888426585794,0.5364723784564993,3,98,31
信息战,6.947098883596079,0.5358313973299561,2,53,31
作出决定,6.727736055121776,0.5356640440761339,3,99,31
黑客,6.554292172359839,0.5340878510696483,4,157,31
出炉,6.6688955550988425,0.5309791486017118,3,105,31
油库,7.13320116322994,0.5222639195864271,1,22,31
情报分享,7.13320116322994,0.5222639195864271,1,22,31
公开场合,6.552171280790701,0.5216855323977658,3,118,31
不择手段,6.758507713788529,0.5212853153271961,2,64,31
新兴媒体,6.727736055121776,0.5189118899394417,2,66,31
贴上,6.486573998304888,0.516462660196945,3,126,31
无孔不入,7.04618978624031,0.5158933011564487,1,24,31
不得人心,6.683284292550942,0.5154833148678603,2,69,31
顺势而为,6.683284292550942,0.5154833148678603,2,69,31
真是,6.447658582055214,0.513364204925452,3,131,31
街头巷尾,7.005367791720055,0.5129044810775502,1,25,31
恶势力,7.005367791720055,0.5129044810775502,1,25,31
提早,6.640724678132146,0.5122006816354909,2,72,31
硝烟,6.613325703944032,0.5100873922076853,2,74,31
表白,6.613325703944032,0.5100873922076853,2,74,31
首日,6.966147078566774,0.5100329002947179,1,26,31
不攻自破,6.928406750583927,0.5072697072811237,1,27,31
天安号,6.928406750583927,0.5072697072811237,1,27,31
穿着,6.547942944681179,0.5050444043584944,2,79,31
自相矛盾,6.339249283548029,0.5047326291950683,3,146,31
骗局,6.892039106413052,0.5046070165822111,1,28,31
辩证法,6.5106715498839485,0.5021696527694831,2,82,31
作战理念,6.856947786601782,0.5020377731515664,1,29,31
中央情报局,6.298975384410089,0.5015260111728707,3,152,31
坚挺,6.285903302842737,0.5004852087365844,3,154,31
美国中情局,6.8230462349261005,0.4995556396952059,1,30,31
韩人,6.8230462349261005,0.4995556396952059,1,30,31
和平演变,6.241451540271902,0.4969459481725678,3,161,31
特工,6.428754427416061,0.495851365534381,2,89,31
全天,6.758507713788529,0.4948303921881866,1,32,31
万小时,6.758507713788529,0.4948303921881866,1,32,31
水军,6.758507713788529,0.4948303921881866,1,32,31
政战,6.758507713788529,0.4948303921881866,1,32,31
催化,6.406531290631351,0.4941372896825857,2,91,31
服务器,6.053709916008609,0.493297038797701,4,259,31
经验丰富,6.187057468206104,0.4926150784152217,3,170,31
精确制导,6.727736055121776,0.49257741674284006,1,33,31
电台,6.163800606041836,0.4907633611752225,3,174,31
军事透明,6.342679818644819,0.4892124103870131,2,97,31
华尔街日报,6.135470099415611,0.48850767908160403,3,179,31
马国,6.6688955550988425,0.4882693551209682,1,35,31
大脑,6.322270947013611,0.4876382692401381,2,99,31
网络主权,6.31222061116011,0.4868630844336093,2,100,31
调查人员,6.640724678132146,0.48620679831286157,1,36,31
生物武器,6.640724678132146,0.48620679831286157,1,36,31
明细,6.640724678132146,0.48620679831286157,1,36,31
不包含,6.302270280306942,0.48609561303665855,2,101,31
精锐,6.613325703944032,0.4842007570805052,1,37,31
三股,6.613325703944032,0.4842007570805052,1,37,31
美国军方,6.58665745686187,0.48224821670895024,1,38,31
防守,6.244561962686295,0.4816445567056127,2,107,31
王逸舟,6.560681970458609,0.4803463974511308,1,39,31
研究局,6.560681970458609,0.4803463974511308,1,39,31
不见,6.198891925853107,0.4781220158489939,2,112,31
敌方,6.163800606041836,0.4754154139647132,2,116,31
军事训练,6.146706172682537,0.4740969162339402,2,118,31
我中有你,6.1216002515514605,0.4721604905364904,2,121,31
顶级,5.787492082225128,0.4716038174668851,4,338,31
法新社,6.440053982669995,0.47151450777457793,1,44,31
伤及,6.440053982669995,0.47151450777457793,1,44,31
传单,6.440053982669995,0.47151450777457793,1,44,31
明目张胆,6.417581126817936,0.46986913685161874,1,45,31
金九,6.417581126817936,0.46986913685161874,1,45,31
预案,6.081108890196723,0.46903738215728874,2,126,31
情报局,6.374096014878197,0.46668533416813757,1,47,31
咄咄逼人,5.859024100230756,0.4664969787986622,3,236,31
新型冠状病毒,6.353042605680365,0.4651438893445995,1,48,31
潜水艇,6.353042605680365,0.4651438893445995,1,48,31
军机,6.01955099719729,0.46428940715718336,2,134,31
鱼雷,6.3324233184776295,0.46363422916438624,1,49,31
经济表,5.758335497933673,0.4584801268507073,3,261,31
保有,5.7207370843766645,0.4554865316662676,3,271,31
都知道,5.900110960333277,0.45507696856629104,2,151,31
国际政治环境,6.181192348753706,0.4525617138653632,1,57,31
你中有我,5.861144991799893,0.45207151409998725,2,157,31
赴韩,6.163800606041836,0.4512883613397172,1,58,31
军事斗争,6.163800606041836,0.4512883613397172,1,58,31
外汇管理,5.666864094436513,0.45119715059938625,3,286,31
白热化,5.835986432163739,0.45013102838205954,2,161,31
等到,5.586283607777173,0.44478131189764286,3,310,31
眼镜蛇,6.065360533228584,0.44408098037633736,1,64,31
团伙,5.752604823224687,0.4436997849554071,2,175,31
双刃剑,5.752604823224687,0.4436997849554071,2,175,31
信息基础设施,5.713384110071406,0.4406746819756836,2,182,31
好事,5.532895734359112,0.4405305559307865,3,327,31
代言人,5.7079046443067805,0.4402520494716014,2,183,31
抵触,5.511714912279666,0.4388441335267304,3,334,31
闹事,5.990137111990997,0.4385734280276449,1,69,31
未得到,5.654700608243315,0.4361484094536371,2,193,31
颜色革命,5.447925174404335,0.43376517848436624,3,356,31
这一切,5.322679417546363,0.4337277523327827,4,538,31
基轴,5.619073430600165,0.4334004767267072,2,200,31
社交网站,5.906755503051945,0.43246856642211384,1,75,31
亲诚惠容,5.599270803303985,0.43187309535029245,2,204,31
军援,5.893510276301925,0.43149880489710113,1,76,31
架次,5.880438194734572,0.4305417203567532,1,77,31
游击战,5.854795764121234,0.4286642860865859,1,79,31
认清,5.5421123894640365,0.4274644532292853,2,216,31
优于,5.361850565633093,0.42691189639230587,3,388,31
欺凌,5.829794461915817,0.42683379262568744,1,81,31
第一要务,5.817524369324003,0.4259354264498221,1,82,31
将就,5.5192280956304485,0.4256993821762858,2,221,31
除去,5.514713415275922,0.42535116380147947,2,222,31
标签,5.338919624569176,0.4250861290726415,3,397,31
深层次原因,5.805403008791658,0.42504794982923055,1,83,31
首份,5.501290394943782,0.4243158430350021,2,225,31
非对称,5.466352343582501,0.42162106278290207,2,233,31
二一,5.74690680211005,0.4207650959627287,1,88,31
游击队,5.702455039539216,0.41751051905938275,1,92,31
隐蔽,5.4120592612158385,0.41743342436327735,2,246,31
变相,5.4120592612158385,0.41743342436327735,2,246,31
情报机构,5.680948834318252,0.4159359223562884,1,94,31
也称,5.3919378580164175,0.41588145572525437,2,251,31
苏东,5.670366724987715,0.41516114343585825,1,95,31
英军,5.659895425120419,0.41439447753275027,1,96,31
天安号事件,5.659895425120419,0.41439447753275027,1,96,31
所有人,5.198172514362161,0.41387980860646884,3,457,31
欧洲委员会,5.629123766453667,0.4121415020874038,1,99,31
真的,5.163760516764433,0.4111399166655678,3,473,31
兰德公司,5.579852717446883,0.4085340766710195,1,104,31
卡扎菲,5.579852717446883,0.4085340766710195,1,104,31
编入,5.579852717446883,0.4085340766710195,1,104,31
军方,4.842811343329712,0.4081087966033483,6,1304,31
实战,5.55141478212635,0.40645196693857477,1,107,31
联军,5.55141478212635,0.40645196693857477,1,107,31
越发,5.098297475981006,0.4059277328229993,3,505,31
这支,5.5421123894640365,0.4057708836574253,1,108,31
身体,5.254430317012256,0.4052754662216868,2,288,31
摸索,5.244067529976709,0.4044761819808073,2,291,31
散布,5.237218188131134,0.403947890607185,2,293,31
战略竞争者,5.514713415275922,0.4037648424250689,1,111,31
独到,5.514713415275922,0.4037648424250689,1,111,31
美化,5.223658658345502,0.4029020408339324,2,297,31
筹码,5.053759621550104,0.40238161760333807,3,528,31
跨国性,5.4620696817905,0.3999104827956946,1,117,31
捕获,5.453558992122591,0.399287364781407,1,118,31
的真,5.174387609338719,0.39910175304768014,2,312,31
有一套,5.43675187380621,0.39805681607150745,1,120,31
金色,5.4120592612158385,0.396248923606235,1,123,31
搜寻,5.403962050983219,0.39565607887116677,1,124,31
巡航导弹,5.403962050983219,0.39565607887116677,1,124,31
调查局,5.395929879285955,0.39506799599260894,1,125,31
普世,5.387961709636778,0.3944845990831876,1,126,31
广播,4.949536115679353,0.394083315739962,3,586,31
伪造,5.372213352668639,0.39333156856448814,1,128,31
账号,5.364431212226584,0.3927617919554966,1,129,31
骚扰,5.356709166132673,0.39219641520977666,1,130,31
美国空军,5.333894488366502,0.3905260174792763,1,133,31
背叛,5.333894488366502,0.3905260174792763,1,133,31
轻重,5.318968838149827,0.38943322219618254,1,135,31
固然,4.888309386468912,0.38920842809489,3,623,31
联合训练,5.311588730852204,0.38889288081564033,1,136,31
渲染,4.883505534156267,0.38882594416034605,3,626,31
教会,5.0229879628833505,0.38742426213028464,2,363,31
连带,5.0229879628833505,0.38742426213028464,2,363,31
确信,4.995812377504386,0.3853282027347211,2,373,31
丧生,5.261398986328349,0.38521819225741083,1,143,31
涉台,5.254430317012256,0.38470797468916323,1,144,31
派人,5.240636994879919,0.38369808385388354,1,146,31
其他人,4.969355807967555,0.38328760120291466,2,383,31
生化,5.2338110298095195,0.38319831450895,1,147,31
撰文,4.966748244560474,0.3830864792140882,2,384,31
网络空间,4.7905216130340165,0.3814225408736665,3,687,31
政治立场,5.18081849966901,0.379318417409924,1,155,31
反对派,4.757590935221005,0.37880059198819305,3,710,31
从一开始,4.9036756411054,0.37822167423450564,2,409,31
台风,5.1616485835612895,0.37791487427473675,1,158,31
涉嫌,4.865301628223785,0.3752618774491071,2,425,31
环境安全,5.112255828231713,0.37429853801738133,1,166,31
信息网络,4.842044766059518,0.3734680701117141,2,435,31
辅导,5.094344901665183,0.37298717296570166,1,169,31
道理,4.8351718867717555,0.3729379632895502,2,438,31
社交媒体,4.808143214383836,0.3708532353281,2,450,31
沉没,5.059457642664742,0.370432870036027,1,175,31
金融安全,5.042460066296171,0.3691883767637106,1,178,31
颠覆,4.618441550292259,0.3677214828122476,3,816,31
操纵,4.509686068764096,0.3674795810327378,4,1213,31
关乎,4.762532703131783,0.3673352856937815,2,471,31
人道主义救援,5.014757463746835,0.36716010510010727,1,183,31
人心,4.75407599311356,0.36668301762882294,2,475,31
租借,4.982496601528614,0.3647980962396006,1,189,31
代理人,4.7250283076733295,0.3644425627080801,2,489,31
巨变,4.977219544427769,0.364411731624009,1,190,31
往年,4.941039887850268,0.3617628046105865,1,197,31
部部长,4.542933997784114,0.3617095524090011,3,880,31
监察,4.935976585893721,0.3613920902755546,1,198,31
社会主义制度,4.930938791863763,0.3610232435269563,1,199,31
使我们,4.6771149519774315,0.36074699413140104,2,513,31
空袭,4.925926250040219,0.36065624564200255,1,200,31
网络化,4.675167531693036,0.3605967891394093,2,514,31
余名,4.92093870852918,0.36029107817804784,1,201,31
开战,4.915975919187051,0.35992772296702946,1,202,31
暗中,4.915975919187051,0.35992772296702946,1,202,31
科索沃战争,4.911037637546468,0.3595661621100433,1,203,31
一时间,4.911037637546468,0.3595661621100433,1,203,31
非营利组织,4.653992534556577,0.3589635565492013,2,525,31
风暴,4.901233637449848,0.35884835317673003,1,205,31
研究员,4.650190248606839,0.35867028532510703,2,527,31
发射,4.6445137906020335,0.3582324587624563,2,530,31
反政府,4.886705536886938,0.35778466485917026,1,208,31
惊人,4.636994958188007,0.3576525294212732,2,534,31
既包括,4.627675226239204,0.35693369626853666,2,539,31
战术,4.602032795625867,0.35495588946648804,2,553,31
培植,4.8306160702358945,0.3536780226896367,1,220,31
白皮书,4.333290251076663,0.353105662274027,4,1447,31
管辖权,4.57351036302187,0.3527559474225455,2,569,31
描绘,4.547489814319974,0.3507489762819516,2,584,31
灰色,4.7905216130340165,0.35074246992829256,1,229,31
阵地,4.786164307665061,0.35042344578629075,1,230,31
谣言,4.786164307665061,0.35042344578629075,1,230,31
固化,4.7775062449219465,0.3497895377160189,1,232,31
战事,4.773205163022555,0.3494746300273338,1,233,31
推波助澜,4.773205163022555,0.3494746300273338,1,233,31
疑虑,4.268406247123425,0.3478184768192317,4,1544,31
航母,4.507215915182035,0.34764264081550766,2,608,31
移交,4.507215915182035,0.34764264081550766,2,608,31
个人信息,4.747780064656745,0.3476131079386471,1,239,31
社会安全,4.747780064656745,0.3476131079386471,1,239,31
朝方,4.73530589043157,0.3466997997372709,1,242,31
从军,4.73530589043157,0.3466997997372709,1,242,31
所称,4.727075391295054,0.3460971961318452,1,244,31
简言之,4.714855279960279,0.34520248937993403,1,247,31
即时,4.710814870423274,0.3449066670593176,1,248,31
被动,4.232154264711432,0.3448644212363746,4,1601,31
宣传,4.031881127113384,0.3442427201251374,7,3423,31
准许,4.694814529076833,0.34373518727133845,1,252,31
官兵,4.694814529076833,0.34373518727133845,1,252,31
偏远,4.68298007142983,0.3428687165108104,1,255,31
名义上,4.68298007142983,0.3428687165108104,1,255,31
欺骗,4.675167531693036,0.3422967141893429,1,257,31
热点问题,4.43581366787177,0.3421353684144916,2,653,31
催生,4.432755561512949,0.3418994959401125,2,655,31
北极,4.667415554888718,0.341729146038982,1,259,31
鼓吹,4.4206158069623385,0.34096315377008,2,663,31
渗透,4.183393844299531,0.34089109391586425,4,1681,31
坚守,4.655899112827159,0.34088595908362684,1,262,31
后台,4.6445137906020335,0.3400523721883491,1,265,31
变局,4.625821657589881,0.3386838103843333,1,270,31
人群,4.232779069480274,0.33701493867502474,3,1200,31
采访,4.224480266665579,0.3363541858987137,3,1210,31
结局,4.59303183476689,0.3362830731839926,1,279,31
认真,4.118892504103014,0.33563509048013906,4,1793,31
揭示,4.215430431145661,0.3356336357087084,3,1221,31
软弱,4.57526937842705,0.3349825785172577,1,284,31
强势,4.201603452011825,0.3345327281374983,3,1238,31
关键词,4.557816928475824,0.3337047812549433,1,289,31
训练,4.181610782905874,0.332940906773309,3,1263,31
提前,4.177659770259194,0.3326263261483891,3,1268,31
洗钱,4.537268260248436,0.3322002915083149,1,295,31
别提,4.51713335183938,0.33072609556940974,1,301,31
生动,4.513816599213387,0.330483256458734,1,302,31
新趋势,4.503931839980845,0.32975953467060237,1,305,31
非官方,4.4941438336146815,0.32904289673305476,1,308,31
脆弱性,4.2658189235584745,0.32902363315486755,2,774,31
信号,4.132179870924158,0.32900520507550834,3,1327,31
战机,4.490902339690511,0.3288055677578284,1,309,31
尖锐,4.258096877464564,0.32842802989398456,2,780,31
筹划,4.481240428778774,0.32809816201558323,1,312,31
传染病,4.481240428778774,0.32809816201558323,1,312,31
出动,4.474850630680002,0.3276303270388224,1,314,31
互联网,3.8323265031956537,0.3272047112193117,7,4179,31
引用,4.240307335901066,0.32705591830128267,2,794,31
任命,4.1068809026049,0.32699089482763066,3,1361,31
远超,4.4559226207944835,0.32624449529139615,1,320,31
敌对,4.097374432474071,0.3262339872745628,3,1374,31
隐私,4.45280249345824,0.32601605228313846,1,321,31
排除,3.9208923083316756,0.3254178520671803,5,2732,31
亿亿美元,4.440418434258518,0.32510934193668467,1,325,31
担负,4.440418434258518,0.32510934193668467,1,325,31
五角大楼,4.434283445691003,0.3246601630753896,1,327,31
问世,4.419108647671767,0.32354912620553217,1,332,31
让步,4.058825762356836,0.32316473242277133,3,1428,31
目录,4.413102623611556,0.3231093895998991,1,334,31
竞选,4.056028557735774,0.322942018284293,3,1432,31
策划,4.185180090680995,0.32280394070139984,2,839,31
综上所述,4.1839889053108426,0.32271206428909266,2,840,31
作战,3.9542008112779636,0.3222149026098317,4,2114,31
考量,4.044917332310704,0.3220573397093504,3,1448,31
托管,4.386513169422316,0.3211626181228631,1,343,31
这份,4.161621875163946,0.32098688990787977,2,859,31
助长,4.380699199556896,0.32073694294270366,1,345,31
派别,4.380699199556896,0.32073694294270366,1,345,31
与日俱增,4.374918836641397,0.3203137283264606,1,347,31
追加,4.366310462104797,0.31968345822417776,1,350,31
飞行,4.366310462104797,0.31968345822417776,1,350,31
就任,4.144310421492666,0.31965165334857326,2,874,31
掌控,4.128419054156032,0.3184259483876753,2,888,31
美国国家安全,4.346507834808617,0.31823359055422845,1,357,31
妥协,3.994418552361204,0.3180366140942207,3,1523,31
临时政府,4.343710630187556,0.3180287906311854,1,358,31
力行,4.340921228099977,0.3178245619778465,1,359,31
广为,4.332599404762485,0.3172152719865943,1,362,31
社交,4.329840782323405,0.3170132968936838,1,363,31
特朗普,3.760954183064016,0.31693955781380223,6,3847,31
阴谋,4.327089748951516,0.3168118774413456,1,364,31
维和,4.32161028318689,0.31641069328825805,1,366,31
美国总统,3.8098015362874786,0.3161977772525039,5,3053,31
好的,4.094104674792514,0.3157792721058277,2,919,31
释放,3.9595763182933275,0.3152624666168925,3,1577,31
动摇,4.083282058334363,0.3149445211116781,2,929,31
社会主义国家,4.075775320670609,0.3143655246414744,2,936,31
中国东北,4.278823007981681,0.31327798336661933,1,382,31
韩方,4.278823007981681,0.31327798336661933,1,382,31
反制,4.27620862740761,0.3130865690752429,1,383,31
等于,4.055679456667471,0.3128155258477649,2,955,31
情报,3.9246818122859004,0.3124841572345338,3,1633,31
合作安全,4.263238276964983,0.31213693287326755,1,388,31
军演,4.258096877464564,0.31176050055434046,1,390,31
过人,4.258096877464564,0.31176050055434046,1,390,31
警戒,4.252981776797793,0.31138599372883863,1,392,31
创设,4.245357851687134,0.31082780100164475,1,395,31
年度报告,4.242829405333776,0.3106426784637054,1,396,31
言论,3.900482204269542,0.31055737833166186,3,1673,31
军事演习,4.0156535904916275,0.30972832122297017,2,994,31
所言,4.009635518166064,0.3092641458661095,2,1000,31
故意,4.215430431145661,0.30863663723134893,1,407,31
提上,4.198377642762941,0.30738810156035934,1,414,31
秘密,3.982020351133091,0.3071341814325072,2,1028,31
之路,3.9781368511066932,0.306834646147269,2,1032,31
爆炸,4.186372696666118,0.30650914833031867,1,419,31
信息安全,4.1839889053108426,0.30633461684183355,1,420,31
搜索,4.1839889053108426,0.30633461684183355,1,420,31
以便,3.7569331646103103,0.30614020671229436,4,2575,31
进攻,3.9570430680468935,0.3052076776182049,2,1054,31
实物,4.16512042100646,0.30495314331487644,1,428,31
出面,4.162786697660239,0.30478227760197457,1,429,31
传统文化,3.950423658534218,0.30469712098037566,2,1061,31
防卫,3.732382641204823,0.30413966478595683,4,2639,31
东欧,3.8184643460951273,0.3040270957468207,3,1816,31
筹建,4.151199082487851,0.3039338796414928,1,434,31
部队,3.815165827436462,0.30376446685804076,3,1822,31
反共,4.14202470621181,0.3032621691984473,1,438,31
士兵,4.128419054156032,0.30226601880137055,1,444,31
国家主权,3.911601777894699,0.3017027800477643,2,1103,31
平民,4.112776277085578,0.30112071841251503,1,451,31
不满,3.680691547965643,0.2999275265135773,4,2779,31
篇幅,4.088678725506517,0.29935639388946766,1,462,31
迄今,3.8794848337010195,0.2992255924657791,2,1139,31
外界,3.8786072557596603,0.2991579046694106,2,1140,31
氛围,3.875104625208458,0.2988877459378266,2,1144,31
动态,3.6678204371343557,0.29887870175203385,4,2815,31
敌意,4.075775320670609,0.29841165917199614,1,468,31
重中之重,4.075775320670609,0.29841165917199614,1,468,31
警惕,3.868135955892365,0.2983502508078825,2,1152,31
远程,4.0672646310027005,0.29778854115770853,1,472,31
显然,3.5309199483183074,0.2975543313277554,6,4842,31
面前,3.8551991648616455,0.29735243302363823,2,1167,31
近期,3.7279715180398463,0.2968220339193616,3,1988,31
外汇,3.726965987537828,0.2967419733268027,3,1990,31
世界各地,3.8356822110426263,0.2958470857107962,2,1190,31
见解,4.040094725650773,0.2957992714120248,1,485,31
思维,3.712993704342811,0.2956294966095388,3,2018,31
含量,3.8314893327825903,0.29552368800845247,2,1195,31
非传统安全威胁,4.025764900095948,0.29475009998253654,1,492,31
动乱,4.025764900095948,0.29475009998253654,1,492,31
李承晚,4.025764900095948,0.29475009998253654,1,492,31
也包括,3.8173636305189413,0.29443416921664856,2,1212,31
世纪年代,4.019685854019566,0.2943050170024626,1,495,31
朝鲜半岛局势,4.017667689863329,0.2941572552474684,1,496,31
入侵,3.810784659420899,0.29392673160340527,2,1220,31
当选,3.687069043860782,0.2935653685936169,3,2071,31
其后,3.80506335243729,0.29348544582829994,2,1227,31
精确,4.005643496896527,0.2932768928400437,1,502,31
将军,4.003653446488517,0.2931311894591242,1,503,31
不承认,3.995732612997073,0.29255125831026535,1,507,31
日程,3.9859189915487483,0.2918327449407898,1,512,31
非传统安全问题,3.9859189915487483,0.2918327449407898,1,512,31
第位,3.7817034501200575,0.2916836909792809,2,1256,31
网络安全,3.7801123598878155,0.29156096980937884,2,1258,31
煽动,3.9781368511066932,0.29126296833179827,1,516,31
不平等,3.7706186176955643,0.29082871520497466,2,1270,31
再平衡战略,3.768259198590795,0.29064673264549495,2,1273,31
商人,3.644992404578155,0.2902152159457428,3,2160,31
疑问,3.7580988923506364,0.289863065796759,2,1286,31
主导权,3.757321589552075,0.2898031122461215,2,1287,31
付出,3.748810899884166,0.2891466807178809,2,1298,31
安保,3.7472712536985733,0.28902792743959266,2,1300,31
前苏联,3.9363850564264715,0.288206072074356,1,538,31
话语,3.7304897767365697,0.2877335681105433,2,1322,31
更具,3.707311168977413,0.2859457965541202,2,1353,31
步骤,3.6911817870475296,0.28470173347075667,2,1375,31
中国制造,3.887417885441815,0.28462089536837265,1,565,31
搜集,3.883884312860504,0.28436218158416426,1,567,31
不同地区,3.8821221978671048,0.2842331667054085,1,568,31
挑起,3.8786072557596603,0.28397581696857277,1,570,31
前后,3.5640953610987034,0.2837741729100226,3,2342,31
抓住,3.6760245138258836,0.28353264936440487,2,1396,31
日趋,3.5577110023202345,0.28326584865144766,3,2357,31
谋划,3.862941139015261,0.282828807743906,1,579,31
经由,3.856056430237764,0.2823247374241341,1,583,31
军事领域,3.856056430237764,0.2823247374241341,1,583,31
相信,3.544644430743873,0.2822254849220359,3,2388,31
很可能,3.653360654248672,0.28178458045828597,2,1428,31
非法移民,3.844121079688491,0.28145087969646576,1,590,31
摧毁,3.8289820184728067,0.2803424593297279,1,599,31
不定,3.823986171279435,0.2799766837575606,1,602,31
网络,3.097847214720099,0.279254359936836,13,16177,31
向外,3.809146657416661,0.27889019502727214,1,611,31
中国威胁论,3.6055046330710367,0.2780934341067041,2,1498,31
朝韩,3.797755159130565,0.27805615594597916,1,618,31
正规,3.797755159130565,0.27805615594597916,1,618,31
信息化,3.6041704100579,0.27799052516680595,2,1500,31
序列,3.7961383439036602,0.2779377793239931,1,619,31
孤立,3.602837964824121,0.2778877533474545,2,1502,31
大力发展,3.602172407395227,0.27783641874388787,2,1503,31
反复,3.599514598521706,0.27763142131022567,2,1507,31
情绪,3.486486144711242,0.277594907497843,3,2531,31
最长,3.7913035238490767,0.2775837935027018,1,622,31
攻击,3.4711947273671004,0.2763774009864241,3,2570,31
粮食安全,3.761214159667586,0.27538077287904494,1,641,31
绝大多数,3.5688032662206086,0.27526264890947305,2,1554,31
推荐,3.7580988923506364,0.2751526857015942,1,643,31
随即,3.7549932997924835,0.27492530687055544,1,645,31
研究人员,3.753444112805654,0.2748118817127056,1,646,31
评估,3.3095127238696938,0.27467587408666355,5,5035,31
表述,3.561110920597453,0.2746693364529982,2,1566,31
经济制裁,3.7441990546616033,0.2741349962313308,1,652,31
多项,3.547790076621792,0.27364189657331733,2,1587,31
军队,3.3487532981933943,0.2728789632444104,4,3873,31
论调,3.722953946047867,0.27257951595778346,1,666,31
还会,3.5334013391696923,0.27253208981455973,2,1610,31
走出,3.5315397190229927,0.2723885026076957,2,1613,31
卫星,3.7199554430516106,0.27235997778804993,1,668,31
人事,3.7184595564600276,0.27225045506792755,1,669,31
逻辑,3.40677780895358,0.2712485096711889,3,2741,31
强硬,3.40677780895358,0.2712485096711889,3,2741,31
国家利益,3.327549284965544,0.2711511174967532,4,3956,31
外来,3.5070436993271774,0.2704991187537212,2,1653,31
远高于,3.6919093243659065,0.27030655527285624,1,687,31
三类,3.6904547786549124,0.27020005936353614,1,688,31
武器装备,3.671735729553666,0.2688295268731667,1,701,31
注意力,3.657571186785015,0.26779245677571334,1,711,31
受众,3.6463822588672095,0.26697324907126146,1,719,31
力图,3.452880962511674,0.26632153391761143,2,1745,31
两家,3.6325698845795977,0.26596196331481486,1,729,31
充实,3.6270979147016047,0.265561327979999,1,733,31
并重,3.6243731173754195,0.26536182942400877,1,735,31
代价,3.433584109482366,0.2648331630312865,2,1779,31
安理会,3.6162429912921694,0.26476657472449777,1,741,31
信心,3.321500879429663,0.26445873900228745,3,2985,31
美国政府,3.245098341519446,0.2644324595477688,4,4296,31
牵头,3.6081784314554386,0.264176120518358,1,747,31
资源配置,3.606840638613779,0.2640781727783333,1,748,31
另一个,3.2957057984235902,0.26240492813697186,3,3063,31
营造,3.39986994654517,0.26223278158585983,2,1840,31
牵制,3.399326615915123,0.26219087436450195,2,1841,31
列出,3.579152647082612,0.2620509708739368,1,769,31
质疑,3.3960728169489616,0.26193990807254575,2,1847,31
持平,3.572671742998529,0.2615764654882112,1,774,31
拨款,3.571380587234909,0.26148193232498274,1,775,31
指挥,3.5700910964050374,0.2613875210614184,1,776,31
绝对,3.2820869108887867,0.2613205888714388,3,3105,31
可行性,3.5636684667485703,0.26091728229179983,1,781,31
排序,3.559834596237848,0.26063658191698946,1,784,31
早在,3.266429137733382,0.2600739130177888,3,3154,31
对外政策,3.2645285986754082,0.25992259161793335,3,3160,31
选举,3.1896354466101955,0.25991296948275416,4,4541,31
中英,3.5496822247738304,0.2598932666518562,1,792,31
救援,3.5496822247738304,0.2598932666518562,1,792,31
解体,3.545901501933924,0.2596164575329128,1,795,31
自信,3.539631888920329,0.25915742201830416,1,800,31
单独,3.356789634379645,0.2589099868118325,2,1921,31
重庆,3.5346443474092895,0.25879225455434945,1,804,31
美方,3.3526337842424723,0.2585894450974554,2,1929,31
撰写,3.525975562472843,0.25815756144877744,1,811,31
全球化,3.1102875070222216,0.2581410047135978,5,6145,31
认定,3.3351616028717403,0.25724181157227444,2,1963,31
所属,3.507648843067278,0.2568157537398838,1,826,31
派遣,3.3295735771547745,0.2568108058131211,2,1974,31
起到了,3.324520509303383,0.2564210614820007,2,1984,31
语言,3.2187568491127836,0.25627823335621325,3,3308,31
如此,3.08696517932787,0.25620534793277383,5,6290,31
策略,3.143586002728656,0.25616055078079863,4,4755,31
做法,3.1360435408250247,0.2555459402074597,4,4791,31
一场,3.3115007960950797,0.25541684789038,2,2010,31
做好,3.307528596234647,0.2551104711657424,2,2018,31
指示,3.483724256982033,0.2550640930454159,1,846,31
以期,3.4754840690965767,0.2544607800692768,1,853,31
演习,3.474312422799686,0.2543749969021712,1,854,31
海盗,3.4673112273407027,0.2538623979022933,1,860,31
战略竞争,3.4649883459245627,0.2536923259913284,1,862,31
生物,3.455750404939627,0.25301596159933976,1,870,31
识别,3.455750404939627,0.25301596159933976,1,870,31
安倍,3.280156408358729,0.2529992477725986,2,2074,31
企图,3.267698173436687,0.2520383411353971,2,2100,31
相比之下,3.442051560581465,0.2520129880416645,1,882,31
境内,3.1591997290879337,0.2515362804162266,3,3511,31
表达,3.1580611010116004,0.2514456225611814,3,3515,31
一下,3.4330221538620704,0.2513518916787693,1,890,31
发布,2.979421039973595,0.2510789392762717,6,8405,31
决策,3.0792446619131275,0.2509175851717857,4,5071,31
战争,2.9688877749430946,0.25019128997276896,6,8494,31
信息技术,3.2437026678804712,0.25018756205663867,2,2151,31
美国人,3.2293936307551854,0.2490839026031375,2,2182,31
最好,3.228477460283406,0.24901323815567364,2,2184,31
对待,3.2261906996253384,0.24883685975955427,2,2189,31
报告,2.9097859000677384,0.24843803218430566,7,10513,31
真实,3.220269479865576,0.24838015466424276,2,2202,31
军事战略,3.3901348777744174,0.2482118601000467,1,929,31
奥巴马政府,3.2125788742156076,0.24778697641231565,2,2219,31
威胁,2.8649351253051996,0.24742959355896052,8,12566,31
举动,3.3773004770028763,0.2472721775789592,1,941,31
大数据,3.3677816319936693,0.24657524653906784,1,950,31
半岛,3.362532276107526,0.24619091009352734,1,955,31
一旦,3.0906816688724255,0.24608085515480455,3,3760,31
不需要,3.3593958386173957,0.24596127292227005,1,958,31
什么,3.1876554657631506,0.24586462796139044,2,2275,31
方针,3.0874952615030176,0.24582715259519364,3,3772,31
判断,3.081679754761406,0.24536412047948034,3,3794,31
共产主义,3.3377119740577457,0.24437366872640348,1,979,31
终止,3.3377119740577457,0.24437366872640348,1,979,31
犯罪,3.1616236270452034,0.2438567860191601,2,2335,31
平和,3.157776646451298,0.24356006748647865,2,2344,31
警告,3.320496359003658,0.24311321155009588,1,996,31
对象,2.9826982662048453,0.24305033487894578,4,5585,31
严厉,3.3194928466264177,0.24303973846339919,1,997,31
对方,3.047479530419959,0.2426410899787365,3,3926,31
先进技术,3.3134928286263206,0.2426004415970115,1,1003,31
联合国安理会,3.308520167956942,0.24223636364764004,1,1008,31
美国国务院,3.308520167956942,0.24223636364764004,1,1008,31
组建,3.137087709239828,0.2419643248144591,2,2393,31
上将,3.3035721123395727,0.24187408717990494,1,1013,31
国防,2.911156571720967,0.24161396031909482,5,7499,31
多重,3.2996312205396965,0.2415855511424413,1,1017,31
不平衡,3.13208561460834,0.24157851205997308,2,2405,31
灾难,3.2966857103099394,0.24136989288711203,1,1020,31
依托,3.1229795914216,0.2408761623151334,2,2427,31
停止,3.1217442608136072,0.24078088097008038,2,2430,31
发生后,3.279192552862422,0.24008911518781242,1,1038,31
披露,3.2753463942749437,0.23980751513009893,1,1042,31
美韩,3.269604751707268,0.23938713545992843,1,1048,31
打击,2.926644610400911,0.23848270563910642,4,5907,31
现实,2.8226054345704403,0.23786392356068842,6,9832,31
并未,2.9867050891357025,0.2378022136125912,3,4172,31
不够,3.079836436267117,0.23754852044634753,2,2534,31
激烈,2.978588548993721,0.23715597263631952,3,4206,31
有效性,3.234908350613696,0.2368468063684008,1,1085,31
决定性,3.2339871160943754,0.23677935733115804,1,1086,31
简化,3.228477460283406,0.23637596278590928,1,1092,31
时代,2.8456100909497226,0.23617387339352022,5,8007,31
难民,3.222087662184635,0.23590812780914844,1,1099,31
舆论,3.055278585485453,0.23565436754594316,2,2597,31
行动,2.7571174776222818,0.23540317541077171,7,12247,31
发动,3.051819039463411,0.23538753193439094,2,2606,31
就会,2.9555558034147453,0.23532209961545122,3,4304,31
针对,2.7894941326785445,0.23507359938510722,6,10163,31
看中,3.045698132824556,0.2349154249423675,2,2622,31
说明,2.8298734425551864,0.23486779663430787,5,8134,31
请求,3.205841817519055,0.23471867326862964,1,1117,31
雇员,3.2049469628732115,0.23465315565821826,1,1118,31
命令,3.201375530505614,0.23439166993474617,1,1122,31
作出,2.9430873897518004,0.2343293613701952,3,4358,31
一支,3.19959458613462,0.2342612764456973,1,1124,31
阐述,3.0362085949211,0.234183494615763,2,2647,31
彻底,3.0350758781679334,0.23409612790185866,2,2650,31
改为,3.192502357825128,0.23374201239148693,1,1132,31
特定,2.926249676829246,0.23298873841424225,3,4432,31
共计,3.1784670397087442,0.23271440359644968,1,1148,31
经济安全,3.173254169520211,0.23233273848499983,1,1154,31
放在,3.0108435647801657,0.23222708377845275,2,2715,31
后者,3.0108435647801657,0.23222708377845275,2,2715,31
谴责,3.1689307732485044,0.2320161970289105,1,1159,31
传播,2.912579996186206,0.23190035498860156,3,4493,31
提交,3.0035040822921197,0.23166098773992727,2,2735,31
创立,3.1611954532000834,0.23144984841833596,1,1168,31
展示,2.992233284923498,0.23079166844503257,2,2766,31
体现了,2.990788197966817,0.23068020854267104,2,2770,31
针对性,3.1492804186222125,0.23057747814330098,1,1182,31
对其,2.894493927546744,0.2304603376351447,3,4575,31
非政府组织,3.1425350304826813,0.2300836083128744,1,1190,31
时候,2.8868727692656715,0.2298535390877677,3,4610,31
到来,3.1358348379128613,0.2295930475178787,1,1198,31
人工智能,3.128350395490725,0.22904506714471143,1,1207,31
对立,2.967593580986349,0.2288912021911818,2,2835,31
是因为,2.9619657082355295,0.22845712302078341,2,2851,31
政权,2.866687415677903,0.22824637613646565,3,4704,31
为由,3.1168181424775514,0.22820072257591267,1,1221,31
报道,2.8656250550128113,0.22816179071196804,3,4709,31
占有,2.956718188760084,0.22805238058942354,2,2866,31
团队,3.1143641535159845,0.22802105150476773,1,1224,31
潜在,2.859485520537635,0.22767295942626176,3,4738,31
运用,2.8535932475976784,0.22720381516644575,3,4766,31
同步,3.0997653540948322,0.2269521869049231,1,1242,31
对华政策,2.9346330951370883,0.22634895203968525,2,2930,31
经费,3.090947661692188,0.2263065914015114,1,1253,31
北约,2.9322468659495815,0.22616490161211605,2,2937,31
军力,3.088556269560112,0.226131503415124,1,1256,31
加速,2.8381859055456884,0.22597707870050632,3,4840,31
多次,2.831185671071214,0.22541971826345064,3,4874,31
展开,2.7654809242072966,0.22535000350040704,4,6940,31
公开,2.8272950139672424,0.2251099431620864,3,4893,31
反映,2.710316171060581,0.2249450373669559,5,9167,31
消息,3.069628259674593,0.22474567166769777,1,1280,31
几乎,2.7560157739507143,0.2245787193361295,4,7006,31
制裁,2.9080277205181564,0.22429687313633015,2,3009,31
对峙,3.057205739676036,0.22383614537829064,1,1296,31
排斥,3.0548935999176563,0.22366685992773197,1,1299,31
那些,2.8072639952071023,0.22351506838874377,3,4992,31
自我,2.8971203243289634,0.22345558306126195,2,3042,31
顾问,3.0487539029640343,0.223217336337594,1,1307,31
体现,2.8026672048603296,0.22314907078022464,3,5015,31
多少,3.04417374228546,0.22288199563801323,1,1313,31
小型,3.0388566010078395,0.22249269622235124,1,1320,31
汇率,2.7794103426960626,0.22129735354022553,3,5133,31
美军,2.8686025136140025,0.22125599750472547,2,3130,31
危害,3.020838095505161,0.22117345467937793,1,1344,31
今后,2.769523667224255,0.2205101739418724,3,5184,31
对手,2.8581145738425526,0.22044706020341281,2,3163,31
外交战略,3.0090036378581586,0.22030698391884992,1,1360,31
非正式,3.0060667781848487,0.22009195902201054,1,1364,31
功能,2.7008973752650483,0.22008730114263317,4,7403,31
仅仅,2.8518113698661085,0.21996089257416993,2,3183,31
布什,2.9893451962734248,0.2188676729390997,1,1387,31
还有,2.636426396594829,0.21881249155709548,5,9870,31
不利,2.734458954833796,0.2177183126843041,3,5369,31
执法,2.972898633216042,0.2176635226159109,1,1410,31
活跃,2.8214872641870996,0.2176219870553307,2,3281,31
解放,2.972189664735442,0.21761161483298588,1,1411,31
手段,2.620644795498431,0.21750268390946947,5,10027,31
帝国主义,2.9637210184984037,0.2169915750673691,1,1423,31
地带,2.9602134736887264,0.2167347669305301,1,1428,31
主权,2.6554770270762442,0.2163861453929255,4,7747,31
再度,2.953930730509231,0.21627477007868293,1,1437,31
收集,2.952539909700888,0.21617293984703997,1,1439,31
邻国,2.7982899595107154,0.21583277340121304,2,3358,31
举措,2.792647776762634,0.2153975904973056,2,3377,31
教训,2.9394227040196528,0.21521255150296567,1,1458,31
办公室,2.9387370680654703,0.21516235203253906,1,1459,31
伊拉克,2.7672115274658755,0.21343568650948444,2,3464,31
武器,2.7654809242072966,0.21330220466651575,2,3470,31
博弈,2.764328850347151,0.21321334493432353,2,3474,31
武装,2.908360112078471,0.21293827510889163,1,1504,31
来自,2.5220639668259834,0.21253697852089612,6,13279,31
挑战,2.5213111814848035,0.21247354050980927,6,13289,31
预算,2.7528805284011586,0.2123303331263458,2,3514,31
强调,2.483951954937491,0.2120802550148667,7,16094,31
日美,2.7491878669121492,0.21204551726310905,2,3527,31
事态,2.8873067028806383,0.2113968302853535,1,1536,31
坚实,2.8821118860035346,0.21101648696379469,1,1544,31
后期,2.8737274447542576,0.21040261234422533,1,1557,31
着力,2.8730853901575624,0.21035560372318896,1,1558,31
接受,2.5335918649025655,0.21027765055916212,5,10939,31
此次,2.721505405833405,0.20991036242367236,2,3626,31
总计,2.8647759783326348,0.2097472224523067,1,1571,31
这是,2.4564958853917176,0.20973605096558987,7,16542,31
经过,2.5733612247411526,0.20969479699790597,4,8410,31
行为,2.5198824486779436,0.20913982568918765,5,11090,31
显现,2.855903930276875,0.20909764724948682,1,1585,31
加上,2.709716372792919,0.20900107148754235,2,3669,31
内部,2.513769520616883,0.20863247793183035,5,11158,31
能源安全,2.839633233411282,0.20790637313216198,1,1611,31
经历了,2.6929592239270432,0.20770858859036206,2,3731,31
尤为,2.8291360700257706,0.20713781360765057,1,1628,31
信仰,2.8266820810642037,0.20695814253650563,1,1632,31
内容,2.4550058422269587,0.20688591995338046,6,14200,31
越来越多,2.6775333861296007,0.206518790034089,2,3789,31
后来,2.6775333861296007,0.206518790034089,2,3789,31
起来,2.533043519065393,0.20640943891221783,4,8756,31
方法,2.529167987028924,0.20609363447099407,4,8790,31
人和,2.6704327645800245,0.20597111739683827,2,3816,31
国家安全,2.66677071497351,0.20568866263541494,2,3830,31
霸权,2.6566394424476885,0.20490723516400527,2,3869,31
不得不,2.6432887948558697,0.20387749652428677,2,3921,31
由此可见,2.7794103426960626,0.20349709849739003,1,1711,31
个人,2.5555267574623173,0.20347168593287748,3,6421,31
制订,2.7770752569882156,0.20332613303792188,1,1715,31
重组,2.7718411653646178,0.20294291417947924,1,1724,31
担心,2.627098205923886,0.20262871253022205,2,3985,31
中美,2.4370275789826814,0.2022632140382518,5,12048,31
观点,2.5174807663466963,0.20044245451016685,3,6670,31
文化,2.2950371100768048,0.20024743563253164,9,24995,31
的当,2.7320405739695146,0.2000288770749302,1,1794,31
采用,2.510607887058934,0.19989523412524599,3,6716,31
目的,2.3334472467977925,0.19923013654950827,7,18708,31
多个,2.5008285825707817,0.19911660343173243,3,6782,31
智库,2.711626071913745,0.19853421042862693,1,1831,31
瑞典,2.7110800713541803,0.19849423449274495,1,1832,31
学界,2.7110800713541803,0.19849423449274495,1,1832,31
规划,2.4921667064953676,0.19842694267069375,3,6841,31
价值观,2.568142996581411,0.1980814831426498,2,4227,31
通信,2.567433525107878,0.19802676143832418,2,4230,31
防御,2.7040090601136284,0.19797652386585746,1,1845,31
第四,2.5629518570333896,0.1976810893085676,2,4249,31
周边国家,2.5533487852261385,0.19694040208482744,2,4290,31
世纪初,2.6767419337732887,0.19598013599560205,1,1896,31
理解,2.4613640409694515,0.19597442666103615,3,7055,31
一次,2.5406097594487087,0.19595783798183755,2,4345,31
军事,2.3556832364253206,0.19551196989502856,5,13069,31
更是,2.531445892341918,0.19525102672161895,2,4385,31
生变,2.66677071497351,0.19525008399030175,1,1915,31
而且,2.2602617654344472,0.19520709038698625,8,23004,31
苏联,2.4461717386419144,0.19476481171227486,3,7163,31
许多,2.3325389572581487,0.19359109040588265,5,13375,31
允许,2.508451191172218,0.19347743992439648,2,4487,31
遏制,2.5082283499456692,0.1934602521273311,2,4488,31
美元,2.4288714663165716,0.19338735965983345,3,7288,31
此时,2.6409960922848943,0.19336297115509854,1,1965,31
展现,2.6369331105656406,0.19306549619128516,1,1973,31
过程,2.3685051589994743,0.19300174562739275,4,10322,31
培训,2.4997969709547188,0.19280993785056053,2,4526,31
可能性,2.4945082852032052,0.1924020202544883,2,4550,31
总统,2.314754123914496,0.19211502276338044,5,13615,31
南北,2.6208442768475866,0.19188753735248515,1,2005,31
间接,2.6119067794205106,0.1912331702134201,1,2023,31
的关键,2.474490210313819,0.19085802135371505,2,4642,31
军事力量,2.604519402805586,0.19069229660308937,1,2038,31
自由,2.2964143332684923,0.19059289595905518,5,13867,31
机器,2.5991364683493563,0.1902981800790133,1,2049,31
不容,2.592811952011351,0.18983512476673617,1,2062,31
扩展,2.456344766354965,0.1894584589241945,2,4727,31
做出,2.3207396843972483,0.18910949318963796,4,10827,31
差距,2.4414363537485615,0.18830856949657696,2,4798,31
本地,2.5631872342264264,0.18766612365868518,1,2124,31
清楚,2.5613057661267207,0.18752837023187952,1,2128,31
那么,2.3542050018814913,0.1874423969014159,3,7853,31
月底,2.5454546183891025,0.18636781379193698,1,2162,31
机遇,2.4130802315629776,0.18612145501495678,2,4936,31
并非,2.4112585530913893,0.18598094851904062,2,4945,31
安全领域,2.5394596730654717,0.18592888832624774,1,2175,31
这里,2.4058133445175995,0.18556095828027547,2,4972,31
最新,2.531217868170368,0.18532545695925198,1,2193,31
心理,2.5293955442036458,0.18519203382483618,1,2197,31
福利,2.5212359341090202,0.184594620426167,1,2215,31
台湾问题,2.5203334069719445,0.18452854106721497,1,2217,31
新技术,2.5167314219879153,0.1842648184056773,1,2225,31
确实,2.51269463695911,0.18396926145678047,1,2234,31
角度,2.3091388747849972,0.18385422047868313,3,8215,31
反对,2.3084087701042324,0.18379608935958258,3,8221,31
指责,2.5037819219885344,0.18331670878818562,1,2254,31
诸多,2.375895313208999,0.1832533733746824,2,5123,31
人为,2.5024518397707203,0.18321932558861617,1,2257,31
更为,2.298122481065667,0.18297709242810528,3,8306,31
地方,2.2970395136293376,0.1828908662872766,3,8315,31
围绕,2.363094517780462,0.18226604496373894,2,5189,31
局势,2.3588637422389866,0.18193972423501992,2,5211,31
例如,2.230286069014691,0.18173872365560956,4,11852,31
仍是,2.479240813072417,0.18151990880452648,1,2310,31
预计,2.3521696367213822,0.1814234062764773,2,5246,31
同样,2.2742112722804815,0.1810732759448664,3,8507,31
资助,2.471478807736928,0.1809516064059821,1,2328,31
大国,2.1796815031400403,0.18090455364845315,5,15584,31
衡量,2.47062007002851,0.18088873313054343,1,2330,31
重申,2.4689048037417547,0.1807631483231679,1,2334,31
首次,2.270105453854954,0.18074636964473206,3,8542,31
出现,2.0904360881373036,0.18054012709753617,8,27262,31
兴起,2.4633504207372328,0.18035647903508176,1,2347,31
发表,2.2087511411610086,0.1799839127564531,4,12110,31
少数,2.451490900119514,0.17948817326597583,1,2375,31
空间,2.252927686996928,0.17937867150854223,3,8690,31
协助,2.439354320933158,0.17859958239755747,1,2404,31
不会,2.240803553581714,0.17841334494357272,3,8796,31
人们,2.2368323677875637,0.17809715812755564,3,8831,31
争夺,2.4244902983010084,0.17751129923505476,1,2440,31
避免,2.2254602922963174,0.1771917106044557,3,8932,31
尽管,2.133718740931286,0.17708983440169793,5,16317,31
美国,1.8701577630421689,0.17697780128116972,22,93445,31
就是,2.0980210871297307,0.17680243982584334,6,20292,31
面对,2.219210271951146,0.17669408240587264,3,8988,31
大规模,2.288477356121556,0.1765108054506099,2,5591,31
公里,2.4086330845530655,0.17635029866655677,1,2479,31
同盟,2.271628504937256,0.17521124953169162,2,5686,31
一方面,2.197420040370627,0.17495913866340965,3,9186,31
承认,2.2635710082001386,0.17458977288252142,2,5732,31
正是,2.256963437646056,0.1740801293863981,2,5770,31
地位,2.0971935171823985,0.17405839183099045,5,16924,31
财政,2.181222731289974,0.1736695048231093,3,9336,31
一度,2.369862405935891,0.17351166757845457,1,2577,31
纽约,2.367924045181668,0.17336974870333702,1,2582,31
界定,2.367149751685764,0.17331305808900724,1,2584,31
维护,2.1241580450642576,0.17309069778807382,4,13179,31
贫困,2.361361581946766,0.17288927188896241,1,2599,31
包括,1.9611429946302443,0.17270202343323224,10,38781,31
防务,2.3544597140581103,0.17238394524899917,1,2617,31
形势,2.1624413420499087,0.1721741258678005,3,9513,31
不大,2.350265236983755,0.17207684273116183,1,2628,31
另一方面,2.1597119681111576,0.17195681242538116,3,9539,31
国际合作,2.346846430234969,0.1718265316335114,1,2637,31
外部,2.226916793590158,0.17176262454886604,2,5946,31
由此,2.225740223994811,0.17167187545476298,2,5953,31
影响力,2.1557362357347465,0.17164026360933604,3,9577,31
经历,2.3284352395050734,0.1704785392784921,1,2686,31
改造,2.324348293448526,0.17017930974356274,1,2697,31
呼吁,2.324348293448526,0.17017930974356274,1,2697,31
组成,2.204959823671463,0.1700690782110635,2,6078,31
看到,2.202494946899707,0.16987896167652344,2,6093,31
总体,2.130883190638368,0.16966145788110037,3,9818,31
动机,2.3103569017321743,0.16915491706052474,1,2735,31
带来,2.0341665668692066,0.16882741551733832,5,18025,31
发起,2.295837590407721,0.1680918722551865,1,2775,31
利用,2.024284899885824,0.16800727800992898,5,18204,31
医疗,2.293318244104868,0.16790741598586015,1,2782,31
来说,2.103060374509428,0.16744619823311394,3,10095,31
重点,2.0522909914850875,0.16723448643840697,4,14161,31
较大,2.0945773881491703,0.166770780716382,3,10181,31
最初,2.2747991963376304,0.1665515267781112,1,2834,31
依然,2.158978407690524,0.16652252060635542,2,6364,31
文件,2.156624172906246,0.16634093791475432,2,6379,31
联合,2.087627817772404,0.1662174541675831,3,10252,31
试图,2.1544318763814747,0.1661718455598141,2,6393,31
综合,2.1447804938674584,0.1654274321197143,2,6455,31
进行,1.8175351583472905,0.1649429659816328,14,62678,31
并没有,2.1355283075892557,0.1647138087806954,2,6515,31
考虑,2.018615438087132,0.16449037563667265,4,14646,31
重视,2.0569862234877028,0.16377776269083624,3,10571,31
禁止,2.236719136739489,0.16376346000013675,1,2944,31
关注,2.009237183826681,0.16372617234316192,4,14784,31
所在,2.23604001956568,0.16371373780824341,1,2946,31
全球,1.858524689795869,0.1636652581719993,10,42972,31
阿富汗,2.2340054308678927,0.16356477351525106,1,2952,31
拒绝,2.2249006638749735,0.16289815958024043,1,2979,31
负责,2.111416137836882,0.16285403136460316,2,6674,31
疫情,2.2242295229101843,0.16284902137386648,1,2981,31
一些,1.9035520455398072,0.1625256086172217,7,28756,31
肯定,2.2135520774579547,0.16206726233112462,1,3013,31
成效,2.211231506219341,0.1618973595619436,1,3020,31
尤其,1.9837925575854651,0.1616527728984819,4,15165,31
完全,2.014028586565529,0.16035746478836907,3,11035,31
本质,2.1889647054435892,0.1602670751519455,1,3088,31
南海,2.07579795034502,0.1601067920501909,2,6916,31
转移,2.0684508021180825,0.15954010475139252,2,6967,31
动荡,2.176734105606834,0.15937160047466267,1,3126,31
了解,2.0614422630961826,0.15899953446151027,2,7016,31
配合,2.1716287977726894,0.1589978106404575,1,3142,31
这样的,2.0550488336318544,0.15850640771882193,2,7061,31
谈判,1.9887062475538964,0.1583412937600613,3,11318,31
法案,2.159292724839112,0.1580946136528547,1,3181,31
忽视,2.1574083021709196,0.15795664390458503,1,3187,31
作用,1.8469366609855724,0.1576917771213428,7,30431,31
对话,2.043502661993229,0.15761584874066417,2,7143,31
一国,2.1511524168951013,0.15749861347899244,1,3207,31
累计,2.143077838862823,0.15690742578140132,1,3233,31
人民,1.9240876580544672,0.15678761573882496,4,16098,31
朝鲜半岛,2.141223697416927,0.15677167310082463,1,3239,31
只要,2.136603328809273,0.15643338854053407,1,3254,31
领导,2.027393439863361,0.15637334058749425,2,7259,31
只是,2.0272556893293596,0.15636271585588274,2,7260,31
根本,2.022446336191315,0.15599176929885353,2,7295,31
支出,2.118030713968293,0.15507357736994495,1,3315,31
虽然,1.8626755247554057,0.15459436799015927,5,21397,31
作为,1.7707715027298714,0.15450401693110513,9,42222,31
采取,1.860015141864982,0.15437356720865392,5,21454,31
认为,1.7815584773470803,0.15386396922497483,8,37128,31
委员会,1.9934000523900208,0.15375142248685686,2,7510,31
水平,1.8524462078643036,0.1537453769776432,5,21617,31
改革开放,2.098908529873966,0.15367352897825842,1,3379,31
目标,1.8495821999938402,0.15350767616460909,5,21679,31
这种,1.7928573330207267,0.1530744745833371,7,32122,31
距离,2.0880180616797954,0.1528761732784728,1,3416,31
实践,1.979121650109652,0.15265012590626625,2,7618,31
深入,1.972710113589307,0.15215560256201954,2,7667,31
如何,1.9088402651613714,0.1519823440685192,3,12259,31
增进,2.07406434690593,0.15185453914762065,1,3464,31
中华人民共和国,2.0737757049642522,0.15183340596093936,1,3465,31
措施,1.8609594675292953,0.15164350578265176,4,17147,31
发挥,1.8600850613410804,0.15157225327975066,4,17162,31
其他,1.7362732838489217,0.15149396544458743,9,43704,31
培养,2.068594346222255,0.1514540479891878,1,3483,31
国会,1.9627171681917883,0.15138484429507765,2,7744,31
都是,1.9006351742446839,0.1513290526571983,3,12360,31
原因,1.8932996853039532,0.1507449991748569,3,12451,31
亚太,1.9482306639723797,0.1502674967621901,2,7857,31
强大的,2.0520791644763525,0.15024487368526396,1,3541,31
因为,1.8398392364354823,0.14992248716731474,4,17513,31
问题,1.6614007182158106,0.14976639001412972,13,68036,31
一切,2.0397298635545353,0.1493407081982696,1,3585,31
改变,1.8746804332229834,0.14926252962110972,3,12685,31
斗争,2.038614725440649,0.14925906233003858,1,3589,31
定位,2.0377791871661657,0.1491978876226091,1,3592,31
海域,2.0375008294747374,0.1491775074068202,1,3593,31
工具,2.0330576119454675,0.1488521931265538,1,3609,31
介入,2.0302905930245134,0.1486496032774582,1,3619,31
基本,1.820051164259262,0.14831002182895564,4,17863,31
多元化,2.025329171601267,0.1482863482198858,1,3637,31
立场,1.919625025136994,0.1480611370017333,2,8085,31
需要,1.7536879080233752,0.1477851212905562,6,28633,31
也是,1.7779880435968973,0.14756565716404946,5,23288,31
地缘政治,2.0146631331126783,0.14750542434853547,1,3676,31
来看,1.851536843662952,0.14741983117447152,3,12982,31
随后,2.0105909135582576,0.14720727302807765,1,3691,31
应对,1.8446280881565815,0.14686975431596305,3,13072,31
方式,1.769223745603309,0.14683825666343134,5,23493,31
国家,1.5551880758627725,0.14652636191723897,21,122220,31
有利,1.99713538224011,0.14622211385963052,1,3741,31
本国,1.8937415144839158,0.14606473563859845,2,8297,31
全面,1.8338237526665346,0.14600951039516477,3,13214,31
联系,1.833748078217976,0.14600348517645584,3,13215,31
今天,1.9904749073711583,0.14573446103283283,1,3766,31
信息,1.8251585136523476,0.14531958187609156,3,13329,31
不是,1.7820434042134488,0.14521289366423262,4,18555,31
专业,1.979384220677,0.14492244615041877,1,3808,31
声明,1.9770235638430265,0.14474960847730436,1,3817,31
能力,1.8164189622273839,0.1446237365841016,3,13446,31
引导,1.974145864015411,0.1445389150232755,1,3828,31
亚太地区,1.8733411648934457,0.14449125179876246,2,8468,31
发现,1.8727508809497373,0.14444572305709943,2,8473,31
强化,1.8725148648995502,0.1444275190827379,2,8475,31
正式,1.8045897543513596,0.14368189206505802,3,13606,31
借助,1.9619426748008086,0.14364544724004152,1,3875,31
包含,1.954486669055273,0.14309954888444837,1,3904,31
权力,1.855086503999423,0.14308326544092823,2,8624,31
主张,1.8519605969678272,0.14284216348445275,2,8651,31
频繁,1.9498866098319645,0.14276275129451374,1,3922,31
私人,1.9493767959030022,0.14272542479625486,1,3924,31
国是,1.831254028631325,0.14124506091954542,2,8832,31
深刻,1.924957709690982,0.14093755881771658,1,4021,31
密切,1.8266225603128636,0.1408878346611672,2,8873,31
放弃,1.9113722222456406,0.13994288479124015,1,4076,31
破坏,1.8984530907021657,0.13899699862833084,1,4129,31
地缘,1.8953095746327266,0.13876684319234356,1,4142,31
损害,1.8912136768453445,0.13846695824816305,1,4159,31
可能会,1.890973263332947,0.13844935615053072,1,4160,31
直接,1.7327101719525961,0.13795882155831407,3,14620,31
形象,1.8833103905873778,0.13788831183623004,1,4192,31
使得,1.7857690098834238,0.13773679055206633,2,9243,31
如下,1.8804518845914142,0.13767902367633506,1,4204,31
获取,1.8688637213346226,0.13683058558734684,1,4253,31
分别,1.715284230099122,0.13657136366629982,3,14877,31
及其,1.7148138157898527,0.13653390916017327,3,14884,31
安全,1.6164178349188048,0.13621722810357073,6,32846,31
公共,1.8604347320713757,0.1362134493437389,1,4289,31
完成,1.7656333826043165,0.13618372480737748,2,9431,31
很多,1.7641500172125915,0.13606931248017198,2,9445,31
官员,1.8560145783119768,0.13588982369871183,1,4308,31
意识形态,1.8541592902102306,0.13575398706466668,1,4316,31
不断,1.6313123537808476,0.1353921812874013,5,26967,31
无法,1.7533038096894806,0.13523274190154352,2,9548,31
性质,1.8463124925055263,0.13517947651439854,1,4350,31
类似,1.8430992696352946,0.13494421743052992,1,4364,31
以及,1.5452717696093934,0.13482862994283773,9,52902,31
称为,1.838754916169447,0.13462614157409145,1,4383,31
官方,1.8364759726124764,0.13445928661411707,1,4393,31
冷战,1.7416418699416374,0.13433325370145185,2,9660,31
万美元,1.826059211754221,0.13369661383499087,1,4439,31
公民,1.814412943500518,0.13284392153492125,1,4491,31
价值,1.721758054044293,0.13279961022882425,2,9854,31
达到,1.6290251357342518,0.13274393499755968,4,21623,31
没有,1.5951155679350628,0.13238799770484252,5,27961,31
实施,1.6243650585534108,0.1323642005362505,4,21724,31
结束,1.7139743402448429,0.13219925052307369,2,9931,31
高达,1.804663254039019,0.13213008900498213,1,4535,31
此外,1.659149545187471,0.1321019058745033,3,15736,31
专门,1.8026806561872688,0.13198493126986088,1,4544,31
态度,1.707550550213701,0.1317037820626105,2,9995,31
沟通,1.7928262021934225,0.1312634283078051,1,4589,31
总量,1.7921726785888539,0.13121557997275132,1,4592,31
恶化,1.7854444926000306,0.13072296961369645,1,4623,31
各种,1.640139719889392,0.13058833878255446,3,16038,31
多数,1.779406087364159,0.130280862190343,1,4651,31
防止,1.7785464268770887,0.13021792135281196,1,4655,31
现状,1.7766148885579276,0.13007650198858647,1,4664,31
活动,1.5942575976968965,0.1299108419359381,4,22388,31
促使,1.7738314588623696,0.1298727106094524,1,4677,31
一系列,1.6750673793189677,0.12919834732764052,2,10325,31
增加,1.5528883168386374,0.12888331043727838,5,29167,31
依据,1.758975498036938,0.12878501769958373,1,4747,31
通常,1.7495404767929708,0.12809422389418032,1,4792,31
现代化,1.748289173188616,0.12800260854364576,1,4798,31
紧张,1.7455833748888023,0.12780450101894064,1,4811,31
争取,1.7441294334134394,0.12769804934929105,1,4818,31
各类,1.74371440954361,0.12766766299286858,1,4820,31
大多数,1.743506962182634,0.127652474542498,1,4821,31
应当,1.7404004048535726,0.12742502507486503,1,4836,31
先后,1.7395736168775786,0.1273644910286313,1,4840,31
战略,1.508937543583055,0.12715975110397087,6,36573,31
积极,1.5306128115370388,0.1270345355873408,5,29824,31
中日,1.644733119107157,0.12685865858725925,2,10643,31
流动,1.720743752304021,0.12598584508098007,1,4932,31
指导,1.7175048830758777,0.12574870827530052,1,4948,31
一个,1.4402005098003803,0.1256609131146204,9,58763,31
事实上,1.716293006538951,0.12565997961396783,1,4954,31
主要,1.414813740730557,0.12459121873026699,10,66971,31
日益,1.6101959838081363,0.124194801086865,2,11017,31
任务,1.69531950229632,0.12412438510561681,1,5059,31
公布,1.6892105070436876,0.12367710936890816,1,5090,31
应该,1.6020599779810816,0.12356726901282336,2,11107,31
宣布,1.6013399707499043,0.12351173468299248,2,11115,31
中东,1.6848976205308854,0.12336133739453592,1,5112,31
渠道,1.6847020215082569,0.12334701643121418,1,5113,31
打造,1.683724599868522,0.12327545360199131,1,5118,31
学者,1.5893562823553755,0.12258742993288026,2,11249,31
框架,1.5832411394457322,0.12211576749866852,2,11318,31
涉及,1.5776023579851322,0.12168084693687747,2,11382,31
开展,1.5273990969339428,0.12161190190554542,3,17952,31
科技,1.575583662429713,0.12152514446619606,2,11405,31
表示,1.5196860492351048,0.12099778709951549,3,18091,31
强烈,1.6421994528524024,0.1202351515628685,1,5335,31
控制,1.556907766742299,0.1200846681680675,2,11620,31
冲突,1.5559615708091625,0.12001168784959275,2,11631,31
自己,1.5059616353053331,0.11990504579576004,3,18341,31
方面,1.400848059868585,0.11960465385953373,7,47539,31
专家,1.6245492036602749,0.11894287224621683,1,5430,31
为此,1.6179412501002428,0.11845906481562073,1,5466,31
我们,1.4512460916182603,0.11825730163728031,4,25830,31
倾向,1.6117402453676937,0.1180050525197543,1,5500,31
澳大利亚,1.5294901854797747,0.1179699435721652,2,11943,31
正在,1.5292390238559501,0.11795057141608903,2,11946,31
势力,1.606843164754993,0.11764650823412508,1,5527,31
保护,1.5205708582294002,0.11728199372951989,2,12050,31
从事,1.5958668962114035,0.11684287058241297,1,5588,31
现代,1.5894451830977552,0.11637269891832451,1,5624,31
效率,1.5894451830977552,0.11637269891832451,1,5624,31
为了,1.4614411291421454,0.11636031184955622,3,19176,31
它们,1.5085274890400557,0.11635308578543913,2,12196,31
不可,1.504844545072689,0.11606901943696929,2,12241,31
欧洲,1.454373961919053,0.11579762221014891,3,19312,31
人才,1.5740941979233931,0.1152487623429756,1,5711,31
相关,1.4127031148514768,0.11511656041094173,4,26845,31
长期,1.4442759884264227,0.11499361901000583,3,19508,31
这个,1.4436610452892822,0.11494465708209745,3,19520,31
近年来,1.4877542655867024,0.1147508420954377,2,12452,31
国内,1.4075015426554036,0.11469270129033372,4,26985,31
移民,1.5657244890815838,0.11463596637024276,1,5759,31
转型,1.5591477952485233,0.11415444764946428,1,5797,31
越来越,1.5581133123976478,0.11407870703090046,1,5803,31
制度,1.4316433835958502,0.11398780782251006,3,19756,31
紧密,1.5550162693165204,0.11385195415772827,1,5821,31
一部分,1.554672744751136,0.11382680268899965,1,5823,31
进一步,1.3956029991699759,0.11372312786365768,4,27308,31
不同,1.3884876090943736,0.11314331797800341,4,27503,31
爆发,1.5437418075599947,0.11302648401417716,1,5887,31
表明,1.4603466094487956,0.11263688302676937,2,12798,31
一种,1.4131874936451565,0.11251834520283929,3,20124,31
联邦,1.534947568572396,0.11238260567423652,1,5939,31
以来,1.3736901685988099,0.11193752290696049,4,27913,31
研究,1.3669419505418612,0.11138763266926492,4,28102,31
继续,1.3979493853469376,0.1113050831711221,3,20433,31
要求,1.3962379353313832,0.11116881708858635,3,20468,31
由于,1.3380556825597665,0.11105308994068155,5,36157,31
给予,1.5098402558843134,0.1105443505578166,1,6090,31
形式,1.432909623286905,0.11052066172634097,2,13154,31
同意,1.5001988706347864,0.10983844762091123,1,6149,31
执行,1.5000362557876923,0.10982654162450332,1,6150,31
视为,1.4951700661365197,0.10947025904918878,1,6180,31
较高,1.4940380210572675,0.10938737532185379,1,6187,31
加强,1.3276555447970382,0.10818631184487632,4,29228,31
但是,1.327210864702827,0.10815007631712058,4,29241,31
巨大,1.4018477390022486,0.10812485116731041,2,13569,31
大量,1.4000805638129534,0.10798854852258445,2,13593,31
政府,1.261961754662298,0.10774651668112635,7,54622,31
值得,1.4592532864191528,0.10684057880817611,1,6406,31
之外,1.4570702199042491,0.10668074357449889,1,6420,31
支持,1.3079723373887053,0.10658239159377624,4,29809,31
因而,1.448230897405339,0.10603356440358666,1,6477,31
发展,1.1825290182770414,0.1058350227872249,12,101379,31
民众,1.4453017347467423,0.10581910305079731,1,6496,31
思想,1.445147805707725,0.10580783299385993,1,6497,31
属于,1.4402345454016225,0.10544810409701615,1,6529,31
严重,1.3628935057922587,0.10512030184930483,2,14108,31
趋势,1.3591438109251424,0.10483108698798306,2,14161,31
解决,1.3144229231987432,0.10465468515682842,3,22213,31
这些,1.2586280039598874,0.10446092098216893,5,39146,31
不过,1.4235269878690968,0.10422484482197539,1,6639,31
制造,1.419318353970196,0.10391670579913742,1,6667,31
启动,1.416472549608212,0.10370834760112006,1,6686,31
寻求,1.4062053661939569,0.10295662627287792,1,6755,31
处于,1.3273134656365857,0.10237600484805048,2,14619,31
之间,1.2275421089120369,0.10188092020669198,5,40382,31
满足,1.3910724835653905,0.10184865827710955,1,6858,31
具有,1.2341447609062655,0.10056642363930074,4,32093,31
提出,1.223945494006628,0.0997353187087203,4,32422,31
所有,1.292097139191546,0.0996597611722291,2,15143,31
公司,1.2815212860281127,0.09884404308998045,2,15304,31
状态,1.3481180311920713,0.0987037083245107,1,7159,31
朝鲜,1.3479783566335648,0.09869348192254573,1,7160,31
高度,1.3411580921836777,0.0981941299538146,1,7209,31
联合国,1.3226046842879298,0.09683572503748228,1,7344,31
服务,1.250892202748336,0.09648161457590079,2,15780,31
调查,1.2962661555862542,0.09490732530206138,1,7540,31
单位,1.2899202855333514,0.0944427065578012,1,7588,31
一致,1.282698141345372,0.09391393059240775,1,7643,31
最后,1.2769577472391243,0.0934936423294952,1,7687,31
决定,1.2073059714168455,0.09311979813568194,2,16483,31
之前,1.2709914519792205,0.09305681450471585,1,7733,31
有关,1.1956049935266224,0.09221729891433796,2,16677,31
变化,1.1546223115515144,0.09193132009323796,3,26062,31
有效,1.1895670137419616,0.09175158809039902,2,16778,31
再次,1.2413058528466665,0.0908833559124982,1,7966,31
突出,1.2398005841229043,0.09077314627089221,1,7978,31
转变,1.234799323385804,0.09040697434111461,1,8018,31
每年,1.2306920302882753,0.09010625507876394,1,8051,31
其次,1.2236371090163654,0.08958972249380974,1,8108,31
提升,1.1563312377443513,0.08918810474396269,2,17345,31
复杂,1.1995101923975573,0.08782324798222202,1,8306,31
表现,1.1898054496038446,0.08711270626412929,1,8387,31
所谓,1.172312981359715,0.08583197902549305,1,8535,31
人员,1.1699724302619623,0.08566061341244882,1,8555,31
当时,1.1686874584129399,0.08556653301024623,1,8566,31
组织,1.1046488579188185,0.08520183043532382,2,18265,31
这样,1.136522958159984,0.08321157938013707,1,8846,31
层面,1.1334753797529182,0.0829884481088187,1,8873,31
中国,0.909523924454865,0.08254012201186511,14,155403,31
参与,1.0660916763576596,0.08222790580589259,2,18983,31
设立,1.1207092489298824,0.08205376403514358,1,8987,31
投入,1.1067863720921292,0.08103438773230123,1,9113,31
基础,1.0505153631088056,0.08102650104208675,2,19281,31
计划,1.0438986421474743,0.08051615177286528,2,19409,31
成员,1.0986988963167896,0.08044225571452472,1,9187,31
开始,1.001118650252654,0.07970931980693921,3,30386,31
并不,1.0876574332007354,0.07963384478190098,1,9289,31
维持,1.0857215324025455,0.07949210601473922,1,9307,31
提供,0.9955395605951154,0.0792651112791767,3,30556,31
年代,1.0234486574556045,0.07893883956579495,2,19810,31
政治,0.962924999847444,0.07846561160006948,4,42092,31
社会,0.9849271363755563,0.07842014738220979,3,30882,31
特点,1.071002836652646,0.07841446309431134,1,9445,31
亚洲,1.0102598896972748,0.07792158675632464,2,20073,31
加入,1.0625684165933544,0.07779692922994891,1,9525,31
访问,1.0613093670093436,0.07770474675035073,1,9537,31
保持,1.0046462233493967,0.07748860332918064,2,20186,31
的同时,1.0539963381785176,0.0771693165817858,1,9607,31
完善,1.0537881783109884,0.07715407596458902,1,9609,31
未来,0.9991624262905747,0.07706563675134184,2,20297,31
以后,1.0394262018431593,0.07610255057627373,1,9748,31
风险,1.0325765098776944,0.07560104404477652,1,9815,31
独立,1.0224395756343598,0.0748588590300311,1,9915,31
所以,1.022237881402131,0.07484409180030192,1,9917,31
也有,1.0171083755610217,0.07446853028663979,1,9968,31
援助,1.0064312297733724,0.07368679318411729,1,10075,31
马来西亚,1.0025677349483277,0.07340392383773872,1,10114,31
资料,0.9998031202332915,0.0732015100148027,1,10142,31
进入,0.9435845857031203,0.07277890462307511,2,21457,31
基于,0.991066010709316,0.07256181446137165,1,10231,31
显示,0.9877482871352221,0.07231890426183285,1,10265,31
统计,0.9815328645816227,0.07186383635186536,1,10329,31
通过,0.863760586182354,0.071688557744487,5,58100,31
工作,0.9104896229229915,0.07022628223375914,2,22179,31
实行,0.956200534483784,0.07000910637770551,1,10594,31
理论,0.9558230335355488,0.06998146729668685,1,10598,31
其中,0.8764337830366272,0.06978187918489125,3,34421,31
亿美元,0.9030329357806495,0.06965114617223453,2,22345,31
扩大,0.8971429540033742,0.0691968504699785,2,22477,31
利益,0.8885489434593719,0.06853399238265019,2,22671,31
领导人,0.9256176797447129,0.06776995438652049,1,10923,31
领域,0.8478804607876214,0.06750845645510571,3,35418,31
重要,0.8110930213908032,0.06731736760196352,5,61242,31
集中,0.9165950621450754,0.06710935509530655,1,11022,31
背景,0.905946103106981,0.0663296817117184,1,11140,31
随着,0.8506370943532781,0.06560984239972016,2,23547,31
实现,0.7923342656198178,0.06308585436536168,3,37441,31
核心,0.8495759511903974,0.062202488910904866,1,11786,31
期间,0.8441604700249787,0.06180598944941802,1,11850,31
目前,0.8006080293526778,0.06175108865869,2,24755,31
世界,0.768867746881765,0.06121744421600034,3,38330,31
比重,0.8291679365941835,0.06070829724995225,1,12029,31
根据,0.7847378609793694,0.06052701877890017,2,25151,31
进程,0.8251027217204097,0.06041065878366556,1,12078,31
危机,0.8176787826491273,0.05986710821928149,1,12168,31
成为,0.7231945071354398,0.058930757138077564,4,53495,31
最终,0.8004868490564458,0.05860838490307015,1,12379,31
首先,0.7707217995613563,0.056429109279087813,1,12753,31
原则,0.7349844578304495,0.05381256675618892,1,13217,31
法律,0.7279727051990988,0.053299194803173446,1,13310,31
主导,0.7245226155247108,0.05304659329719619,1,13356,31
世纪,0.6843117690830827,0.05278113030792463,2,27808,31
希望,0.7188484178308793,0.05263115166583375,1,13432,31
泰国,0.7153554188499862,0.0523754085153004,1,13479,31
造成,0.6848873086673151,0.050144657652922114,1,13896,31
竞争,0.6728699966632977,0.049264799041550886,1,14064,31
新加坡,0.6684004776765917,0.04893755907575605,1,14127,31
范围,0.6489129690696271,0.0475107631120433,1,14405,31
贸易,0.5869811050687883,0.046735583851874804,3,45976,31
阶段,0.6375237173990056,0.046676888518779804,1,14570,31
英国,0.5979598922162815,0.04378018647141942,1,15158,31
机制,0.5974322573273751,0.04374155519509831,1,15166,31
调整,0.5646126569638793,0.041338637804592786,1,15672,31
管理,0.5559721966006069,0.04070601850883883,1,15808,31
超过,0.5518687850160147,0.0404055834350472,1,15873,31
使用,0.5514278817871293,0.04037330229741955,1,15880,31
结果,0.5400943645253587,0.03954350835044042,1,16061,31
一直,0.5352496345524337,0.03918879696531358,1,16139,31
政策,0.48517876535832477,0.03863005584974628,3,50903,31
之后,0.5144621797127207,0.03766682423604619,1,16478,31
经济,0.44918051930850583,0.037280126126695366,5,87948,31
指出,0.5052199139181162,0.036990143199118294,1,16631,31
能够,0.49952394264678496,0.03657310739514412,1,16726,31
面临,0.480396786623025,0.03517269497904638,1,17049,31
数据,0.4792829722803655,0.03509114603194988,1,17068,31
甚至,0.4686761941287503,0.034314560960972025,1,17250,31
影响,0.425709255270411,0.033895078435068,3,54022,31
情况,0.42786811274876063,0.03300156980181392,2,35937,31
最大,0.4437149714525757,0.03248700195987053,1,17686,31
不仅,0.42617213680877697,0.031202587098706245,1,17999,31
特别是,0.4059872084147885,0.029724728900348305,1,18366,31
分析,0.38887431812841855,0.028471792812903775,1,18683,31
资源,0.3820465324952355,0.027971890173782436,1,18811,31
导致,0.3793390214844259,0.027773657251357945,1,18862,31
条件,0.3641856219794641,0.02666418709351133,1,19150,31
合作,0.3301164023184894,0.02628395133711667,3,59441,31
他们,0.3351085702765286,0.024535283864106812,1,19715,31
外交,0.3160670745659965,0.023141143147056342,1,20094,31
日本,0.28423128936975567,0.022630567053959924,3,62232,31
建立,0.2924844977103325,0.022559399215626597,2,41147,31
实际,0.29889672969923453,0.02188400046937735,1,20442,31
产生,0.29811433357130324,0.021826716613350835,1,20458,31
可以,0.2757826984093968,0.021271185443619316,2,41840,31
如果,0.2803821699138546,0.02052843985337036,1,20824,31
国际,0.25766390088614494,0.01987367826004558,2,42605,31
项目,0.2615913308841564,0.019152651197001658,1,21219,31
发生,0.23839297362700498,0.01745416201776195,1,21717,31
因素,0.14512349540897013,0.010625350919173063,1,23840,31
对于,0.12145448722348912,0.008892402596981736,1,24411,31
提高,0.11565429123868336,0.008467735884228823,1,24553,31
地区,0.09787254654377808,0.007548932907609228,2,49987,31
韩国,0.037194971184650594,0.0027232642112961034,1,26557,31
双方,0.011288038278489964,0.0008264641611616017,1,27254,31
两国,-0.015966141324292287,-0.0011689758017310696,1,28007,31
关系,-0.08720592425462353,-0.0067262137809987865,2,60150,31
已经,-0.16376665129281018,-0.011990326817447923,1,32468,31
投资,-0.21368842531249677,-0.01564539566740921,1,34130,31
